site,gsc_property,group_id,clicks,impressions,ctr_pct,avg_position,status
methyleneblueultra.com,sc-domain:methyleneblueultra.com,methyleneblueultra,102,7672,1.33,17.7,active
buylandfl.com,sc-domain:buylandfl.com,buylandfl,45,9282,0.48,14.6,active
jonesactcalculator.com,https://www.jonesactcalculator.com/,jonesactcalculator,32,3208,1.00,23.5,active
htxpermitfix.com,sc-domain:htxpermitfix.com,htxpermitfix,25,1225,2.04,29.4,active
wordgameai.com,sc-domain:wordgameai.com,wordgameai,16,1333,1.20,13.9,active
htxdentalimplants.com,sc-domain:htxdentalimplants.com,htxdentalimplants,12,4557,0.26,47.7,active
yapword.com,sc-domain:yapword.com,yapword,11,596,1.85,48.7,active
midnightdev.dev,sc-domain:midnightdev.dev,midnightdev,9,224,4.02,6.7,active
htxworkinjury.com,sc-domain:htxworkinjury.com,htxworkinjury,6,220,2.73,30.3,active
houstonlawyerlist.com,sc-domain:houstonlawyerlist.com,houstonlawyerlist,0,2339,0.00,85.1,indexed-not-ranking
htxmaritimelaw.com,sc-domain:htxmaritimelaw.com,htxmaritimelaw,0,421,0.00,68.1,indexed-not-ranking
htxfoundationfix.com,sc-domain:htxfoundationfix.com,htxfoundationfix,0,29,0.00,76.1,newly-indexed
thatsmybest.com,sc-domain:thatsmybest.com,thatsmybest,0,12,0.00,1.8,minimal-footprint
htximmigrationlaw.com,sc-domain:htximmigrationlaw.com,htximmigrationlaw,0,10,0.00,26.7,minimal-footprint
htxplasticsurgeon.com,sc-domain:htxplasticsurgeon.com,htxplasticsurgeon,0,9,0.00,55.3,minimal-footprint
ultramethyleneblue.com,sc-domain:ultramethyleneblue.com,(unmapped),0,0,0.00,0.0,no-data
semantix.live,sc-domain:semantix.live,(retired -> yapword),0,0,0.00,0.0,no-data
semantix.live,https://semantix.live/,(retired -> yapword),0,0,0.00,0.0,no-data
jonesactcalculator.com,sc-domain:jonesactcalculator.com,jonesactcalculator,32,3208,1.00,23.5,duplicate-of-www-property
htxaccidentattorney.com,sc-domain:htxaccidentattorney.com,htxaccidentattorney,,,,,403-no-permission
stackdworkforce.com,https://stackdworkforce.com/,stackd,,,,,403-no-permission
abogadosinmigracionhtx.com,https://abogadosinmigracionhtx.com/,abogadosinmigracionhtx,,,,,403-no-permission
PORTFOLIO TOTAL,,,258,31137,0.83,,15 properties with impressions
