site,query,clicks,impressions,ctr_pct,avg_position,note
methyleneblueultra.com,methylene blue dosage calculator,12,28,42.86,4.0,converting
methyleneblueultra.com,top 10 methylene blue brands,8,78,10.26,4.5,converting
methyleneblueultra.com,how many drops of methylene blue for 90 kg man,1,24,4.17,11.0,converting
methyleneblueultra.com,top 5 methylene blue,1,2,50.00,16.5,converting
methyleneblueultra.com,top 5 methylene blue brands,1,37,2.70,4.0,converting
methyleneblueultra.com,ultra methylene blue,1,355,0.28,12.0,brand term - high imps low CTR
methyleneblueultra.com,which methylene blue does gary brecka recommend,1,17,5.88,25.5,converting
methyleneblueultra.com,best brands of methylene blue,0,20,0.00,25.9,zero-click sample
methyleneblueultra.com,best brand of methylene blue,0,16,0.00,28.9,zero-click sample
methyleneblueultra.com,10x health methylene blue,0,15,0.00,9.7,zero-click sample
buylandfl.com,buy my land for cash,1,1,100.00,7.0,converting
buylandfl.com,cash for land florida,1,50,2.00,14.0,converting
buylandfl.com,how much is an acre of land,1,131,0.76,8.5,converting - high volume head term
buylandfl.com,land buyers in florida,1,30,3.33,13.6,converting
buylandfl.com,sell land for cash,1,18,5.56,6.4,converting
buylandfl.com,sell land in florida,1,73,1.37,21.1,converting
jonesactcalculator.com,jones act injury settlements,1,13,7.69,12.8,converting
jonesactcalculator.com,jones act settlement amounts,1,6,16.67,7.2,converting
jonesactcalculator.com,jones act settlement calculator,1,3,33.33,4.7,converting - core term
jonesactcalculator.com,average settlement for torn rotator cuff,0,86,0.00,32.2,zero-click - high imps
jonesactcalculator.com,arthroscopic shoulder surgery settlements,0,40,0.00,20.9,zero-click - high imps
jonesactcalculator.com,average compensation for rotator cuff injury,0,32,0.00,48.7,zero-click - high imps
jonesactcalculator.com,arthroscopic shoulder surgery settlement,0,27,0.00,24.7,zero-click - high imps
htxpermitfix.com,certificate of occupancy houston,1,11,9.09,14.6,converting
htxpermitfix.com,commercial permit expediting,0,25,0.00,45.7,zero-click - high imps
htxpermitfix.com,city of houston occupancy department,0,15,0.00,20.2,zero-click - high imps
htxpermitfix.com,city of houston certificate of occupancy,0,12,0.00,18.8,zero-click - high imps
htxpermitfix.com,city of houston occupancy permit,0,10,0.00,44.6,zero-click - high imps
htxpermitfix.com,building permit expediter,0,4,0.00,14.2,zero-click - near page 1
wordgameai.com,ai word game,1,50,2.00,6.9,converting - core term
wordgameai.com,5squardle,0,17,0.00,8.8,zero-click sample
wordgameai.com,ai word games,0,10,0.00,17.0,zero-click sample
wordgameai.com,ai word association game,0,6,0.00,8.7,zero-click sample
htxdentalimplants.com,dental implants near me,1,147,0.68,22.9,converting - head term
htxdentalimplants.com,affordable dental implants near me,0,33,0.00,27.7,zero-click sample
htxdentalimplants.com,all on 4 cost houston,0,31,0.00,43.5,zero-click sample
htxdentalimplants.com,affordable dental implants,0,21,0.00,19.0,zero-click sample
yapword.com,alternativas a wordle,0,103,0.00,70.1,zero-click - highest imps (Spanish)
yapword.com,games like wordle,0,8,0.00,70.5,zero-click sample
yapword.com,best wordle alternatives,0,6,0.00,53.2,zero-click sample
midnightdev.dev,midnight dev,5,14,35.71,3.9,converting - brand
midnightdev.dev,midnightdev,1,141,0.71,4.7,brand - high imps low CTR
midnightdev.dev,jones act calculator,0,2,0.00,8.0,portfolio cross-reference
midnightdev.dev,website designer in houston,0,1,0.00,181.0,commercial term - not ranking
htxworkinjury.com,osha barriers houston tx,0,4,0.00,84.0,zero-click sample
htxworkinjury.com,baytown chemical plant personal injury attorney,0,3,0.00,19.7,zero-click - best position
htxworkinjury.com,deer park refinery accident lawyer,0,3,0.00,58.0,zero-click sample
houstonlawyerlist.com,18 wheeler accident attorney houston,0,152,0.00,90.1,zero-click - highest imps
houstonlawyerlist.com,18 wheeler accident attorneys,0,21,0.00,90.9,zero-click sample
houstonlawyerlist.com,18 wheeler accident attorney,0,12,0.00,85.9,zero-click sample
htxmaritimelaw.com,houston jones act attorney,0,19,0.00,59.3,zero-click - highest imps
htxmaritimelaw.com,houston jones act injury lawyer,0,10,0.00,64.8,zero-click sample
htxmaritimelaw.com,houston jones act death lawyer,0,9,0.00,71.7,zero-click sample
htxfoundationfix.com,slab foundation repair,0,6,0.00,99.2,zero-click - highest imps
htxfoundationfix.com,pier and beam foundation repair houston,0,5,0.00,88.4,zero-click sample
htxplasticsurgeon.com,htx aesthetics,0,1,0.00,69.0,near-zero footprint
